-- --------------------------------------------------------
-- Host:                         127.0.0.1
-- Server version:               11.5.2-MariaDB - mariadb.org binary distribution
-- Server OS:                    Win64
-- HeidiSQL Version:             12.8.0.6908
-- --------------------------------------------------------

/*!40101 SET @OLD_CHARACTER_SET_CLIENT=@@CHARACTER_SET_CLIENT */;
/*!40101 SET NAMES utf8 */;
/*!50503 SET NAMES utf8mb4 */;
/*!40103 SET @OLD_TIME_ZONE=@@TIME_ZONE */;
/*!40103 SET TIME_ZONE='+00:00' */;
/*!40014 SET @OLD_FOREIGN_KEY_CHECKS=@@FOREIGN_KEY_CHECKS, FOREIGN_KEY_CHECKS=0 */;
/*!40101 SET @OLD_SQL_MODE=@@SQL_MODE, SQL_MODE='NO_AUTO_VALUE_ON_ZERO' */;
/*!40111 SET @OLD_SQL_NOTES=@@SQL_NOTES, SQL_NOTES=0 */;

-- Dumping data for table works.address: ~60 rows (approximately)
REPLACE INTO `address` (`id`, `city`, `country`, `number`, `street`, `zipcode`) VALUES
	(1, 'Morrishaven', 159, '9176', 'Ali Land', '22422'),
	(2, 'Budview', 76, '11332', 'Hodkiewicz Landing', '87085'),
	(3, 'Framifurt', 40, '1753', 'Moen Drive', '66711'),
	(4, 'Lake An', 193, '83653', 'Betty Row', '30041'),
	(5, 'New Norbertside', 157, '941', 'Sauer Roads', '04580'),
	(6, 'Lake Adrienehaven', 133, '19637', 'Block Walk', '53252'),
	(7, 'North Antoniaberg', 111, '377', 'Zieme Tunnel', '63051'),
	(8, 'Leonidamouth', 125, '62491', 'Spencer Passage', '16084'),
	(9, 'North Arielle', 175, '498', 'Bins Pass', '03561'),
	(10, 'Port Shalaview', 13, '6136', 'Welch Mountains', '21384'),
	(11, 'West Jackiehaven', 72, '5511', 'Kirlin Ramp', '84245'),
	(12, 'Lake Chet', 197, '2398', 'Lucia Union', '14570'),
	(13, 'East Guy', 47, '331', 'Kuhlman Throughway', '38236'),
	(14, 'Carminetown', 73, '837', 'Aracely Mountains', '82587'),
	(15, 'Stevetown', 77, '38544', 'Burl Junctions', '67314'),
	(16, 'North Araceli', 48, '017', 'Lino Expressway', '28450'),
	(17, 'West Nathanael', 3, '535', 'Morgan Islands', '00502'),
	(18, 'Andrewside', 191, '2975', 'Paucek Spurs', '37673'),
	(19, 'Venessamouth', 15, '87772', 'Joan Gardens', '38971'),
	(20, 'Shellifurt', 192, '7747', 'Claude Loop', '64817'),
	(21, 'West Shirly', 61, '4023', 'Rosenbaum Cliff', '93102'),
	(22, 'Port Kelleyview', 177, '89569', 'Lehner Keys', '55613'),
	(23, 'West Lanny', 149, '50960', 'Pei Villages', '57734'),
	(24, 'Lake Caroyln', 14, '32544', 'Ferry Radial', '25858'),
	(25, 'Olsonside', 114, '8609', 'Peter Crossing', '92694'),
	(26, 'Quigleyland', 84, '821', 'Leffler Inlet', '56074'),
	(27, 'Wintheiserhaven', 4, '8259', 'Isaura Shoals', '20097'),
	(28, 'Schneiderbury', 145, '57105', 'Hegmann Views', '98728'),
	(29, 'Leopoldoview', 44, '308', 'Walker Court', '00523'),
	(30, 'Lake Eddy', 106, '5188', 'Ernest Mountains', '49231'),
	(31, 'New Drew', 45, '96653', 'Jana Lakes', '33104'),
	(32, 'South Forest', 99, '30881', 'Barrows Lane', '45629'),
	(33, 'New Eliastown', 151, '075', 'Bogisich Tunnel', '31038'),
	(34, 'West Patrick', 10, '3461', 'Randall Crescent', '59747'),
	(35, 'West Miss', 60, '32945', 'Sebastian Spurs', '75176'),
	(36, 'VonRuedenhaven', 41, '7222', 'Koss Shoal', '00451'),
	(37, 'North Ofeliabury', 78, '90586', 'Abraham Keys', '22645'),
	(38, 'Lake Dorothy', 159, '74807', 'Bogisich Cliffs', '20318'),
	(39, 'Codyview', 73, '9497', 'Harris Burgs', '37241'),
	(40, 'Lake Denverborough', 175, '0808', 'Autumn Lakes', '25846'),
	(41, 'West Terri', 70, '379', 'Murazik Plaza', '91194'),
	(42, 'North Mariano', 110, '06882', 'Cedrick Hollow', '81161'),
	(43, 'Kathrynshire', 197, '553', 'Howell Mall', '24840'),
	(44, 'West Todport', 36, '4322', 'Koepp Alley', '92235'),
	(45, 'West Bufordchester', 137, '03079', 'Demetra Lakes', '32501'),
	(46, 'Port Carissa', 14, '5819', 'Beahan Plains', '72825'),
	(47, 'Theoberg', 50, '54987', 'Micah Ways', '75190'),
	(48, 'Dorinemouth', 44, '95568', 'Mohr Motorway', '03014'),
	(49, 'Tyishastad', 100, '71168', 'Stiedemann Walks', '19631'),
	(50, 'North Erna', 95, '234', 'Spencer Road', '08682'),
	(51, 'Lake Scottieport', 188, '5243', 'Buckridge Wall', '41004'),
	(52, 'Macejkovicstad', 112, '253', 'Mandie Causeway', '66321'),
	(53, 'Port Marianne', 186, '2168', 'Weissnat Dale', '20588'),
	(54, 'Lake Dotstad', 132, '8732', 'Wolf Summit', '55513'),
	(55, 'Lake Gailville', 169, '360', 'Milton Square', '17033'),
	(56, 'West Stefaniabury', 108, '061', 'Galen Square', '30408'),
	(57, 'New Elvera', 13, '70916', 'Doreen Route', '29376'),
	(58, 'Fritzstad', 181, '7887', 'Lindsay Fields', '85866'),
	(59, 'Lake Fernland', 173, '2971', 'Ebert Prairie', '72366'),
	(60, 'Kristopherport', 175, '96085', 'Shella Camp', '73415');

-- Dumping data for table works.candidate: ~30 rows (approximately)
REPLACE INTO `candidate` (`id`, `dob`, `email`, `full_name`, `password`, `phone`, `address`) VALUES
	(1, '1979-09-28', 'silvana.conroy@hotmail.com', 'Frederick Halvorson', '2744sjqhqou57k1c81', '9477655444', 1),
	(2, '2001-03-12', 'laurena.lemke@hotmail.com', 'Deidre McLaughlin', '9ee4ws8t', '2176670426', 2),
	(3, '1996-10-05', 'isabel.okeefe@yahoo.com', 'Victor O\'Kon', 'a1ulkh7x0nlrzp7519y', '8477241531', 3),
	(4, '2002-06-28', 'cortez.hackett@hotmail.com', 'Carolin Cormier', '0a6gj6193m361t', '5869155680', 4),
	(5, '1963-05-17', 'lawana.schmeler@hotmail.com', 'Tammie Lebsack DDS', '2ts30zo7zyzw98', '7168059058', 5),
	(6, '1978-11-20', 'ducthinh23200323@gmail.com', 'Leonard Kozey IV', '09669h330n6mu1g84x7b', '5742296680', 6),
	(7, '1995-07-12', 'edwardo.hansen@gmail.com', 'Renay Gutmann', 'kufm2vat2', '9127021535', 7),
	(8, '2006-10-31', 'nu.reichert@gmail.com', 'Mrs. Terina Simonis', 'bl9s04650qw86', '6625620989', 8),
	(9, '2004-10-13', 'gidget.howe@yahoo.com', 'Neely Beahan MD', 'u187bqh73', '2178579708', 9),
	(10, '1970-06-06', 'lanie.dooley@yahoo.com', 'Mr. Eli Auer', 'w74u4puhu0y0048', '7272074419', 10),
	(11, '1969-02-28', 'hedy.runolfsson@gmail.com', 'Luigi Donnelly', '6x0557m8uto3fm446c', '9149794151', 21),
	(12, '1961-04-08', 'kaycee.johns@hotmail.com', 'Mr. Mammie Rogahn', '9l886r2ah92zi54', '5712024778', 22),
	(13, '1960-05-27', 'quincy.cronin@gmail.com', 'Ms. Maricela Wilderman', 'h8dm5bx90', '4135135648', 23),
	(14, '1967-01-21', 'waldo.turcotte@yahoo.com', 'Jimmie Hansen', '064657fho01zlg0', '9289074704', 24),
	(15, '1981-11-10', 'victor.funk@hotmail.com', 'Olinda Homenick', '1emr2d4w9i1x3b839l', '3188649104', 25),
	(16, '1962-01-15', 'dennis.dickens@hotmail.com', 'Philip Schaden', '73t1o5li8', '5719361032', 26),
	(17, '2001-12-12', 'leonardo.deckow@yahoo.com', 'Booker Ernser', 'dr2eg1g68', '4083526151', 27),
	(18, '2000-05-09', 'lucas.renner@yahoo.com', 'Ryann Toy', '37lhucp287tf0o3qw', '2175101770', 28),
	(19, '1964-02-03', 'armand.leannon@yahoo.com', 'Lemuel Wintheiser IV', '78q913x21bxg619v', '3122162324', 29),
	(20, '1972-07-08', 'dawna.little@hotmail.com', 'Alejandrina Bernier V', '615kk20748s1q9i36q', '9257145185', 30),
	(21, '2000-02-06', 'jarrod.yundt@gmail.com', 'Shanti Reichert', 'q4g708416n', '3012130970', 41),
	(22, '1973-03-08', 'un.labadie@yahoo.com', 'Mr. Victoria Rempel', 'm6d4qdod1f2s16bq4z7', '3528603089', 42),
	(23, '1984-03-17', 'cassidy.okon@hotmail.com', 'Melany Thompson', 'et4gs7w9y68555995609', '3138438246', 43),
	(24, '1996-01-16', 'katerine.schulist@yahoo.com', 'Mrs. Trinidad Carter', 'nlt79086x7vm2', '4805164171', 44),
	(25, '1988-01-09', 'hermelinda.bins@gmail.com', 'Dr. Fran Abshire', 'g2l17w365ksy51e0', '6505634928', 45),
	(26, '1991-01-01', 'hugo.huel@hotmail.com', 'Elden Nicolas', '41wp9e4xo0', '4346067000', 46),
	(27, '1965-08-23', 'dusty.moore@hotmail.com', 'Kathline Tromp', '7v33786rw', '9899798832', 47),
	(28, '1965-09-19', 'vaughn.mraz@yahoo.com', 'Daniella Toy', '8i558s9op94015z', '6312839339', 48),
	(29, '1999-08-14', 'santiago.lebsack@gmail.com', 'Miss Kiera Greenholt', '0wq2564h44dg013g70', '9892347258', 49),
	(30, '1985-07-20', 'edith.okuneva@gmail.com', 'Miss Venice Brekke', 'm58gkxz9b4', '6784085466', 50);

-- Dumping data for table works.candidate_skill: ~27 rows (approximately)
REPLACE INTO `candidate_skill` (`more_infos`, `skill_level`, `can_id`, `skill_id`) VALUES
	('Expedita ab laboriosam perspiciatis impedit libero. Quisquam ea officiis veritatis veniam qui voluptates fugiat. Necessitatibus itaque quisquam est ipsum ratione tenetur. Saepe eaque placeat tempora cupiditate tempore.', 4, 1, 4),
	('Labore nihil doloremque quaerat illum. Quis distinctio totam. Enim quam dolor odio. Veritatis eos eos velit.', 3, 2, 2),
	('Ipsam animi officiis ullam. Aliquam eius rerum iure. Officia magni accusamus. Nesciunt ducimus minus mollitia reprehenderit quod temporibus.', 0, 3, 18),
	('Magni autem ducimus sequi. Est placeat maiores. Labore placeat numquam autem ad.', 1, 4, 8),
	('Quae harum aliquam accusantium aliquid. Error expedita maiores veritatis quam autem labore veritatis. Aut eius voluptatum consequuntur ullam cumque exercitationem. Quidem id similique quisquam ea vel.', 3, 4, 10),
	('Molestiae dicta ab dolore. At non quasi voluptatem sunt recusandae possimus praesentium. Unde voluptas dolore enim.', 2, 4, 12),
	('Officia aliquam explicabo maxime et labore. Voluptatum aliquid placeat. Voluptate possimus accusamus sit blanditiis corrupti consectetur. Possimus ut culpa.', 3, 4, 14),
	('Enim quis rem dolor magnam error autem. Maiores nulla aliquam quidem sunt. Qui atque natus. Voluptate repudiandae nam.', 2, 5, 4),
	('Quia corrupti porro asperiores quaerat. Dolor quam non. Facere id ullam magni ipsam necessitatibus exercitationem recusandae. Hic molestiae dolorem sint occaecati quo facilis. Assumenda sequi accusantium.', 4, 5, 11),
	('Officiis omnis minus fugit rerum quaerat voluptas optio. Repellat voluptatum molestias officia. Facilis eos in. Dolorum aperiam consequuntur voluptatum quisquam culpa veniam voluptate.', 1, 5, 17),
	('Vitae quidem eum officiis recusandae. Repudiandae deleniti sed voluptas exercitationem quasi recusandae. Cupiditate deserunt enim. Beatae voluptatem temporibus modi.', 3, 5, 21),
	('Modi nemo modi quae illum sapiente necessitatibus. Id reprehenderit sed magnam omnis. Voluptatum praesentium nulla voluptates nisi quae laudantium voluptatem.', 4, 6, 1),
	('Minima inventore reprehenderit. Tenetur nemo porro fugiat facere maiores. Repellendus perferendis magni aliquam accusamus eum quae reiciendis.', 2, 6, 3),
	('Exercitationem assumenda impedit dolorem expedita harum illum. Perferendis corrupti vero animi in provident laboriosam enim. Asperiores et eveniet ut id. Dolorem voluptates dolor molestiae quasi quibusdam possimus ex.', 1, 6, 4),
	('At labore ab laboriosam quasi temporibus nostrum. Ducimus fugiat sed neque amet eius. Harum voluptate voluptatum enim quas dolorem velit vel. Ipsam rem magni pariatur sed repellendus. Ab minima dolores neque beatae cumque.', 2, 6, 8),
	('Deleniti adipisci ut iste ex. Quidem fugit sint temporibus ea quibusdam. Earum quae est delectus sed hic et. Eveniet ratione beatae nihil fugit.', 0, 7, 5),
	('Quod optio delectus odio fugiat. Dolore occaecati culpa debitis reprehenderit omnis. Enim modi facere aperiam quasi. Cupiditate deserunt nisi facere non hic vitae accusantium. Doloremque corporis temporibus eum.', 1, 7, 10),
	('Autem fugiat nostrum cupiditate architecto. Animi distinctio veritatis placeat dicta. Quaerat quos error ab. Expedita necessitatibus recusandae nisi ut doloremque perspiciatis ratione. Eos eos ullam.', 0, 7, 25),
	('Consequatur incidunt facere dignissimos repellendus voluptate totam accusamus. Unde assumenda esse natus. Quis culpa officiis dolore repellendus sit. Alias sequi fuga suscipit deleniti. Adipisci consectetur placeat libero expedita.', 0, 8, 5),
	('Atque porro debitis. Officia fuga sequi repellat. Cumque facere totam adipisci distinctio beatae sunt placeat. Rem saepe porro nesciunt quas placeat fugit pariatur.', 0, 8, 8),
	('Ab at quia. Non quis possimus ipsa ratione voluptatem facere modi. Atque aperiam officia tenetur voluptate ab quasi quis. Aut perspiciatis veniam quidem natus. Veniam architecto molestias velit natus tenetur.', 0, 9, 3),
	('A facilis nesciunt iure. Earum quam totam ratione rem. Repudiandae exercitationem quae quisquam reiciendis. Accusantium officiis vero nisi at. Pariatur tenetur nihil magnam eius.', 4, 9, 9),
	('Numquam in et aliquid reprehenderit. Accusamus maiores dignissimos sit suscipit in ratione. Eum enim provident aliquam perspiciatis saepe non commodi. Repellendus nam at commodi qui dolor. Minus voluptatibus autem aperiam omnis autem.', 3, 9, 25),
	('Repellendus possimus sit saepe aspernatur. Ex molestiae accusamus atque. Sequi eaque atque perspiciatis. Id quam molestias quisquam perferendis esse. Dolorum nihil at iure illum earum vitae consequatur.', 4, 10, 7),
	('Exercitationem iusto sit suscipit incidunt fugit culpa. Tempora occaecati atque minima corporis non. Maxime accusantium consequuntur. Itaque quo numquam ratione nesciunt et eum commodi.', 1, 10, 11),
	('Sit illum sit in. Inventore laboriosam ullam. Magnam excepturi nemo accusamus asperiores maxime enim.', 2, 10, 17),
	(NULL, 0, 10, 31);

-- Dumping data for table works.company: ~30 rows (approximately)
REPLACE INTO `company` (`comp_id`, `about`, `comp_name`, `email`, `password`, `phone`, `web_url`, `address`) VALUES
	(1, 'Digitized bi-directional support', 'Daniel-Auer', 'vaughn.pagac@gmail.com', 'hq333di7', '2077175059', 'https://www.danette-mraz.info:625/quaerat/eligendiid', 11),
	(2, 'Fundamental needs-based knowledge user', 'Padberg-Hickle', 'oren.stoltenberg@hotmail.com', '35at11l2aaf1722g1', '4056202196', 'https://www.barbara-runte.info/nulla/quaeratcommodi', 12),
	(3, 'Ergonomic static website', 'Walsh II', 'sherita.collins@yahoo.com', '1a59c5ceok869i6i3194', '5155131011', 'https://www.sudie-borer.info:49045/?dolorum=harum&eaque=quaerat', 13),
	(4, 'Universal systematic archive', 'Lakin Jr.', 'katerine.johnson@hotmail.com', 'da4edju058wxqa0v', '4029079121', 'http://www.gino-senger.co:41591/possimus#non', 14),
	(5, 'Triple-buffered cohesive policy', 'Kassulke, Ullrich and Bradtke', 'percy.nienow@hotmail.com', '32ntzdwk63r', '6173528496', 'https://www.marinda-blanda.io/?quam=a&perspiciatis=in', 15),
	(6, 'Ameliorated cohesive task-force', 'Effertz IV', 'kenny.runte@yahoo.com', '8ahtr707q270w39m95', '3233617357', 'https://www.liz-lebsack.net/beatae?dicta=possimus&a=cupiditate#ipsa', 16),
	(7, 'Reduced coherent internet solution', 'Hermann-Lowe', 'hank.herman@hotmail.com', 'e2yjjjmo5uhs2k1q9', '9733235396', 'https://www.jesus-lubowitz.info/provident/omnisquo#corrupti', 17),
	(8, 'Digitized incremental groupware', 'Breitenberg, Moore and Goldner', 'van.gutkowski@hotmail.com', '32unl68d13w313qimd30', '4126079211', 'https://www.evia-jaskolski.biz/consectetur?excepturi=modi&suscipit=ex', 18),
	(9, 'Future-proofed scalable open system', 'Morissette II', 'angel.walter@yahoo.com', 'uv3ppoi68i6n38', '8289206396', 'https://www.lou-bergstrom.net:42236/molestiae/laudantiumid#nihil', 19),
	(10, 'Robust composite protocol', 'Miller I', 'morris.marvin@yahoo.com', '40i683l0d2z82knly', '6262397736', 'https://www.leanna-johns.org/quidem/quoullam', 20),
	(11, 'Devolved client-server application', 'King DVM', 'larraine.leuschke@hotmail.com', 'xp61dv07dh2bnmlc14v', '9186265473', 'http://www.nestor-stokes.org:49355/#vero', 31),
	(12, 'Intuitive global hub', 'Armstrong-Veum', 'rudolph.nitzsche@gmail.com', '00qab5o5myhe9qxv614', '6177862756', 'https://www.collin-schultz.org:40433/in?et=repellat&expedita=ducimus#beatae', 32),
	(13, 'Secured dynamic software', 'Tromp, Steuber and Gaylord', 'conrad.bayer@yahoo.com', 'hf8831iabj5', '9174690550', 'https://www.elidia-stoltenberg.org:61882/?ipsam=nemo&sapiente=fugit#a', 33),
	(14, 'User-centric dedicated process improvement', 'Harvey-Kilback', 'omar.reynolds@gmail.com', 'y3g09kq5h4mp5', '9077246622', 'https://www.wallace-gorczany.name:30415/deleniti/consequaturomnis', 34),
	(15, 'Expanded actuating collaboration', 'Graham-Armstrong', 'isela.christiansen@gmail.com', '2geho77hw762', '3122409353', 'https://www.philip-graham.org/quos/assumenda#nostrum', 35),
	(16, 'Multi-channelled exuding groupware', 'Corkery-Daniel', 'leeanna.gaylord@hotmail.com', '617g21mc45b30n7m0', '7726176208', 'http://www.jeremy-halvorson.info/#sequi', 36),
	(17, 'Mandatory logistical software', 'Vandervort-Flatley', 'azucena.parisian@gmail.com', '0005k1817p0j812344', '6604753277', 'https://www.margert-oreilly.info:55199/libero/dolore', 37),
	(18, 'Persistent well-modulated infrastructure', 'Cassin I', 'bridgett.graham@yahoo.com', 'uw979h18416x80r9q', '9803523039', 'https://www.russ-wisoky.co/quae', 38),
	(19, 'Programmable tangible support', 'Gottlieb Jr.', 'jetta.hermiston@gmail.com', '7m581yuc51x3v1482x7', '4356620889', 'http://www.kandi-heller.org/dolor/assumendaatque', 39),
	(20, 'Innovative clear-thinking core', 'Hyatt-Ortiz', 'johnnie.mante@yahoo.com', 'pqe4tc207', '5625406725', 'https://www.hoyt-hettinger.co:62031/cum/sequi?impedit=possimus&cumque=quasi#ipsa', 40),
	(21, 'Customer-focused intermediate neural-net', 'Dibbert, O\'Reilly and Hilpert', 'terese.will@hotmail.com', '1188i3t4efx', '5679209602', 'https://www.samual-bode.org:42857/necessitatibus/reiciendisfugiat#reprehenderit', 51),
	(22, 'Reduced systematic support', 'Nikolaus, Simonis and Dooley', 'magnolia.hahn@gmail.com', '68a10olsgr26twv0ua', '4147659614', 'https://www.heriberto-kreiger.net:28016/consectetur?ab=provident&quasi=ratione', 52),
	(23, 'Ergonomic non-volatile superstructure', 'Gerlach, Krajcik and Krajcik', 'burton.franecki@hotmail.com', 'j6asjscvk821', '7048064661', 'http://www.pearle-krajcik.com/asperiores/voluptatum#reprehenderit', 53),
	(24, 'Customizable responsive matrix', 'Erdman-O\'Conner', 'vennie.stanton@yahoo.com', '0li56rj25w451d3', '9194130219', 'https://www.nicky-douglas.name/occaecati/cumqueminus?accusamus=ab&dolore=doloribus', 54),
	(25, 'Front-line directional time-frame', 'Kreiger III', 'millie.schimmel@gmail.com', 'ezj4s6v6656r9yl1kd', '6788086695', 'https://www.hoyt-feeney.io/ipsum?labore=aut&harum=nostrum#architecto', 55),
	(26, 'Down-sized responsive Graphical User Interface', 'Armstrong, Parker and Mann', 'alia.corkery@hotmail.com', '4020al2gs5', '7577742724', 'https://www.florine-dickinson.name/?iste=ducimus&ipsam=quo', 56),
	(27, 'Realigned discrete synergy', 'Blanda, Larson and Johnston', 'claude.swaniawski@yahoo.com', 'tp3w7p0f', '6192127511', 'https://www.trent-kuhn.net:46043/', 57),
	(28, 'Streamlined fault-tolerant customer loyalty', 'Hoppe, Durgan and Jast', 'geraldo.schoen@gmail.com', 'q18lmrw6eql57jb44', '3237655001', 'https://www.beau-reinger.com/?molestias=voluptatum&et=soluta', 58),
	(29, 'Organized intermediate matrix', 'Barrows Sr.', 'vernetta.grimes@yahoo.com', 'tlgb2319mr', '7014647586', 'http://www.marni-johnston.com:18217/mollitia?accusantium=dolor&ut=optio#molestiae', 59),
	(30, 'Object-based static definition', 'Romaguera I', 'lucas.schaefer@yahoo.com', 'x98e8008rr6pz6', '3102488873', 'https://www.antonia-corwin.name/maiores/quamsed#dolorem', 60);

-- Dumping data for table works.experience: ~20 rows (approximately)
REPLACE INTO `experience` (`id`, `company_name`, `from_date`, `role`, `to_date`, `work_description`, `candidate_id`) VALUES
	(0, 'Schowalter-Quitzon', '2019-11-22', 'Administration Consultant', '2024-11-22', 'Commodi quae sed corrupti ea eius hic laboriosam.', 3),
	(1, 'Kiehn-Rutherford', '2017-11-22', 'Direct Banking Coordinator', '2024-11-22', 'Sint itaque maiores itaque soluta dolorum nesciunt perspiciatis.', 5),
	(2, 'Bechtelar-Toy', '2021-11-22', 'Sales Agent', '2024-11-22', 'Quas eligendi numquam sapiente nesciunt.', 9),
	(3, 'O\'Reilly-Willms', '2020-11-22', 'Principal Accounting Liaison', '2024-11-22', 'Perferendis animi natus.', 10),
	(4, 'Zboncak-O\'Connell', '2015-11-22', 'Technology Specialist', '2024-11-22', 'Sit quos ducimus eos incidunt qui.', 6),
	(5, 'Gerhold PhD', '2017-11-22', 'Marketing Technician', '2024-11-22', 'Fugiat quo officiis tenetur.', 8),
	(6, 'Heaney-Wisoky', '2016-11-22', 'Legacy Accounting Representative', '2024-11-22', 'Cupiditate ullam vitae dicta odio esse dolor nihil.', 8),
	(7, 'Kuhlman, Wiza and Runolfsson', '2022-11-22', 'Accounting Assistant', '2024-11-22', 'Cumque impedit voluptatem nam illo quis laudantium excepturi.', 10),
	(8, 'White DVM', '2020-11-22', 'Product IT Technician', '2024-11-22', 'In aut ea optio nulla.', 7),
	(9, 'Klein, Durgan and O\'Hara', '2015-11-22', 'Regional Technician', '2024-11-22', 'Veniam saepe suscipit.', 6),
	(10, 'Schmidt Jr.', '2023-11-22', 'Legal Assistant', '2024-11-22', 'Omnis non quae illo suscipit.', 5),
	(11, 'Runte Jr.', '2023-11-22', 'District Coordinator', '2024-11-22', 'Esse consectetur modi.', 5),
	(12, 'Abbott, Baumbach and Roob', '2016-11-22', 'Manufacturing Officer', '2024-11-22', 'Maiores accusantium animi pariatur.', 1),
	(13, 'Lowe-Bergnaum', '2021-11-22', 'International Banking Specialist', '2024-11-22', 'Maiores officiis dolor atque asperiores tenetur error enim.', 4),
	(14, 'Spencer-Koch', '2020-11-22', 'Global Administration Liaison', '2024-11-22', 'Voluptatum quidem magni quod fugiat vitae fugiat molestiae.', 8),
	(15, 'Kerluke, Strosin and Wolff', '2015-11-22', 'Lead Sales Administrator', '2024-11-22', 'Animi molestiae rem quaerat minima.', 10),
	(16, 'Conroy I', '2019-11-22', 'Lead Liaison', '2024-11-22', 'Alias blanditiis cumque.', 10),
	(17, 'Howe Jr.', '2016-11-22', 'Consulting Engineer', '2024-11-22', 'Ratione repellendus aut nesciunt aut rerum.', 9),
	(18, 'Willms PhD', '2020-11-22', 'Legal Technician', '2024-11-22', 'Voluptas vel excepturi labore.', 6),
	(19, 'Moore-Walsh', '2017-11-22', 'Future Facilitator', '2024-11-22', 'Beatae neque cum accusantium distinctio autem similique.', 2);

-- Dumping data for table works.job: ~30 rows (approximately)
REPLACE INTO `job` (`job_id`, `job_desc`, `job_name`, `company`) VALUES
	(1, 'Ipsum veniam rerum tempore ut illo. Neque perferendis illo quam. Sequi ea odio. Aut repellendus dolore deserunt ea illo assumenda sed. Modi recusandae repellat dicta debitis quam minima.', 'Dynamic Developer', 1),
	(2, 'Possimus laudantium officiis tenetur error quod suscipit. Delectus adipisci nobis numquam. Ducimus reprehenderit reiciendis labore omnis ea. Optio facilis cumque dolor voluptate mollitia. Accusantium recusandae quasi maxime est aspernatur alias suscipit.', 'National Producer', 6),
	(3, 'Pariatur ipsa reiciendis magni quidem cupiditate voluptate totam. Illo possimus pariatur odio deserunt. Et provident similique eum tenetur.', 'Regional Consulting Specialist', 2),
	(4, 'Quod maiores esse incidunt inventore accusamus nostrum. Eius reprehenderit minus non possimus accusamus cupiditate. Incidunt unde est in eum non. Voluptate distinctio culpa accusantium dolore earum cumque quia. Aut consectetur incidunt consequuntur.', 'Accounting Analyst', 8),
	(5, 'Qui quod quidem id. Nobis quibusdam blanditiis iure nihil magnam. Architecto cum voluptatum architecto ipsum dolorem optio delectus. Excepturi necessitatibus tempore laboriosam corrupti voluptas ad consequuntur.', 'Design Consultant', 3),
	(6, 'Adipisci consequuntur magni est nam expedita aspernatur amet. Quos quaerat harum. Modi molestiae cupiditate. Accusamus veniam occaecati velit deserunt vitae earum quae. Amet reprehenderit unde vero illo illo ea sint.', 'Customer IT Specialist', 3),
	(7, 'Praesentium eaque tempore explicabo distinctio aspernatur labore. Amet possimus quisquam odit magni. Iusto magnam quae. Odit nisi omnis quam tempora sapiente. Tempore ut aliquid delectus voluptatem expedita architecto.', 'Global IT Manager', 7),
	(8, 'Repellat beatae necessitatibus. Omnis magnam et omnis velit. Nam nulla voluptatum voluptatem laboriosam delectus inventore eaque.', 'Lead Healthcare Designer', 5),
	(9, 'Numquam numquam voluptates eius temporibus fuga. Tempore quasi ex. Error corporis laboriosam vero. Aut voluptatibus officiis distinctio. Vero cumque minus non repudiandae ratione.', 'Hospitality Liaison', 7),
	(10, 'Saepe eius reiciendis. Ratione numquam tempora. Illum repellendus officia itaque. Incidunt numquam officiis neque eligendi quaerat iure.', 'Technology Representative', 1),
	(11, 'Natus quos fugiat saepe odio. Odit laborum totam. Labore nulla totam.', 'Hospitality Agent', 18),
	(12, 'Tempore alias architecto repellat reiciendis a. Consectetur at quia occaecati doloremque quam. Voluptate quisquam inventore quae. Dolor eaque facere impedit iure illum eligendi. Unde possimus consectetur veniam temporibus officia iure nemo.', 'Legacy Architect', 12),
	(13, 'Voluptatem beatae officiis alias autem enim nisi. Quibusdam facilis deserunt soluta nemo nemo fuga id. Ullam repellat laboriosam illum. Velit veritatis enim placeat et itaque delectus. Laboriosam maiores pariatur similique rerum temporibus.', 'National Administration Director', 9),
	(14, 'Optio odio corrupti praesentium repellendus sed omnis nobis. Voluptate a nisi voluptatibus hic. Modi ut aperiam assumenda est itaque totam voluptas. Optio assumenda ipsa autem.', 'Senior Accounting Officer', 7),
	(15, 'Illum accusantium quos cupiditate. Fuga quaerat nam exercitationem ex similique. Tempore alias voluptatum ratione at. Facilis magni nisi.', 'Corporate Marketing Director', 13),
	(16, 'Accusantium corporis quod dignissimos amet animi sapiente tempore. Sapiente inventore laborum repellendus quis totam provident quod. Unde cupiditate eum fugiat repudiandae animi provident rerum.', 'Global Technology Supervisor', 7),
	(17, 'Ab quis aliquid amet molestias quas animi nostrum. Id ab repudiandae beatae et deserunt molestiae. Ad incidunt nobis quasi quam molestiae. Distinctio minima ut pariatur voluptates quod eum. Ad quod praesentium soluta quia error dignissimos.', 'Healthcare Liaison', 14),
	(18, 'Quidem repudiandae nemo. Laudantium ducimus tempore magnam provident. Omnis asperiores sequi magnam non natus eaque. Officiis beatae consequatur exercitationem velit vitae.', 'Global Accounting Representative', 14),
	(19, 'Quasi minima porro vitae quos voluptate mollitia perferendis. Aspernatur ullam minima excepturi sapiente velit. Cumque nihil deleniti reiciendis molestias.', 'Construction Agent', 18),
	(20, 'Harum rerum assumenda. Temporibus illum ab non illum amet. Natus repellat suscipit perspiciatis neque. Doloremque saepe eveniet fugiat odio explicabo. Neque esse cum odio similique tempora dignissimos.', 'Community-Services Associate', 16),
	(21, 'Velit magnam dolore deleniti ratione voluptatibus. Commodi ullam quae aperiam tenetur ab quod. Possimus perferendis dignissimos. Cum debitis necessitatibus nisi odio ea. Dolores consequatur vero corporis porro esse ipsum nihil.', 'Regional Accounting Executive', 22),
	(22, 'Quae perspiciatis iure tenetur est. Exercitationem nemo assumenda reiciendis animi ea officiis. Atque fugit at nesciunt laboriosam dicta laborum hic. Ex nihil dicta impedit odit autem doloribus nisi.', 'Principal Designer', 3),
	(23, 'Tempora est quaerat repudiandae id iusto. In distinctio dicta sint. Odit molestias tenetur hic reprehenderit dolor natus quam.', 'Forward Farming Facilitator', 25),
	(24, 'Qui fugiat magni eum. Tenetur nisi quos et odio modi fugit molestiae. Nesciunt dolorem ad debitis.', 'Construction Strategist', 13),
	(25, 'Laboriosam sunt autem dignissimos aut quasi officiis debitis. Recusandae recusandae minima inventore. Veritatis aut labore aliquid eaque.', 'Lead Mining Technician', 21),
	(26, 'Magni nulla earum non quos corrupti reiciendis repellat. Ipsa iste qui delectus rem maiores dolorum. Autem iure cum veritatis accusantium accusantium. Accusamus ipsam id.', 'Internal Mining Producer', 5),
	(27, 'Vel quasi adipisci ea hic. Earum fuga nobis ipsum ad officiis voluptatum. Accusamus quis iure doloribus pariatur officia amet.', 'Product Retail Executive', 24),
	(28, 'Odit soluta nihil. Iste esse aliquam. Expedita voluptas est. Quasi quaerat laudantium.', 'Healthcare Agent', 19),
	(29, 'Aliquid nostrum incidunt harum modi. Error quisquam nesciunt autem eius officiis laborum sequi. Excepturi praesentium esse nostrum maxime soluta similique. Quibusdam repellat asperiores ipsa inventore velit provident nisi. Explicabo fugit dolorem laborum voluptas quos.', 'Principal Real-Estate Consultant', 27),
	(30, 'Praesentium a quas cumque voluptatibus eaque atque iste. Odit in veritatis iure. Voluptate aliquid similique. Natus laudantium eius nostrum tenetur nemo cum ducimus. Aliquam rem nostrum consequuntur reiciendis.', 'Principal Analyst', 12);

-- Dumping data for table works.job_rating: ~0 rows (approximately)

-- Dumping data for table works.job_skill: ~28 rows (approximately)
REPLACE INTO `job_skill` (`more_infos`, `skill_level`, `job_id`, `skill_id`) VALUES
	('Saepe assumenda quidem amet sunt vero quidem. Quam similique eligendi eum cum vero. Et enim maiores.', 1, 1, 4),
	('Nobis perspiciatis explicabo sequi placeat quasi. Rem exercitationem dicta consectetur magnam animi. Repellat autem recusandae ea delectus. Maxime dignissimos ut commodi vel aspernatur. Temporibus hic aut.', 4, 2, 7),
	('Modi mollitia neque illo nesciunt deserunt in consectetur. Dolor doloribus repellendus repudiandae magni. Cupiditate neque itaque molestiae minima aliquam.', 4, 2, 9),
	('Neque dolores illum vel. Magnam dolorem iste nulla enim ducimus explicabo. Nobis molestiae iste odio reiciendis qui quis modi.', 3, 3, 10),
	('Praesentium iusto illo assumenda maxime. Sint ipsum odit tempore aspernatur officia suscipit. Velit officia deleniti maxime cupiditate velit saepe. Magnam laborum dolorem soluta.', 1, 3, 15),
	('Minima corporis reiciendis ad qui sed illum. Consequuntur quia similique molestias hic dignissimos. Inventore totam optio pariatur porro officiis nulla. Iure autem esse magni pariatur corporis nulla facilis.', 1, 5, 8),
	('At tempore odit fugiat minima ipsam enim excepturi. Velit quisquam illum voluptatum. Eveniet tempora ut officiis facilis consequatur. Eum quasi ipsa odio.', 1, 5, 24),
	('Delectus necessitatibus maxime. Fugit tempore aliquam labore odit ut saepe. Porro modi ipsa exercitationem veniam perspiciatis harum. Doloremque exercitationem ad ducimus.', 1, 6, 3),
	('Provident reprehenderit facilis neque debitis. Explicabo amet possimus veritatis laudantium ipsa beatae quod. Iure corporis quae illo. Fuga optio sapiente dolores sint ad similique.', 2, 6, 5),
	('Omnis optio soluta inventore praesentium ipsam voluptate ut. Repudiandae cupiditate eaque facere fugit ab unde in. Illum nulla assumenda enim quas amet.', 0, 7, 6),
	('Eveniet sit cum maxime impedit deleniti. Labore accusantium distinctio sapiente necessitatibus a. Laboriosam voluptatum animi repellat.', 0, 7, 14),
	('Eveniet tempore nesciunt sed assumenda magnam laudantium aliquid. Impedit harum enim. Quas quia voluptas quos. Fugiat omnis rerum numquam voluptatem. Ipsam beatae nisi reprehenderit.', 2, 7, 17),
	('Odio nesciunt eius maiores natus est molestias cumque. Iure aliquid illo dicta corrupti. Ab similique dolorum doloremque.', 3, 8, 1),
	('Perferendis recusandae minima. Ea quidem eligendi magnam alias. Similique sequi illum sed enim. Libero cumque vero mollitia reiciendis architecto. Fuga esse repellendus nisi.', 4, 8, 5),
	('Accusamus quaerat quas. Suscipit ab vero libero quibusdam at eius. Eaque facere ex.', 3, 9, 10),
	('Modi excepturi sunt possimus. Magnam tempora error odio distinctio corporis molestiae. Illo vitae sapiente. Ducimus ipsam aliquid dolores sunt quam fugit. Quam eius reiciendis consequatur vitae fugiat possimus id.', 1, 10, 9),
	('Ipsum quo perspiciatis suscipit architecto vel voluptates ex. Saepe sint reprehenderit. Distinctio dolorem omnis accusamus occaecati eaque corporis. Amet aut placeat corrupti labore consequatur dolore pariatur.', 2, 11, 6),
	('Soluta possimus exercitationem ex unde porro. Odio odio commodi dicta delectus. Voluptatem reiciendis esse autem. Cumque non assumenda cumque cum pariatur eum.', 1, 13, 1),
	('Velit quidem atque ea quod repellat eveniet. Quis ab pariatur consectetur. Esse qui nam repellat perferendis quidem suscipit. Reprehenderit sapiente sunt quasi modi provident. Incidunt nisi magni ipsa odit rem dicta labore.', 0, 13, 6),
	('Minima cum saepe minus exercitationem illo officiis. Ratione consectetur voluptas odio ad. Animi quae iusto delectus officia maxime exercitationem laborum. Reiciendis architecto ipsam necessitatibus qui eos unde.', 1, 14, 25),
	('Ab et nulla ex ipsum vitae rem. Possimus rem nisi adipisci. Praesentium sequi cupiditate enim blanditiis similique quae. Explicabo ut tempore architecto quidem similique ipsum.', 2, 15, 1),
	('Ut iusto quas accusamus dolores excepturi quo. Nihil nostrum laborum blanditiis at commodi voluptas. Rem iure laudantium repellendus nisi hic. Aspernatur quidem fugiat ab sit.', 2, 19, 5),
	('Ipsa tenetur quod molestiae labore. Facere atque harum. Enim sequi repudiandae quos veniam aperiam totam saepe. Ut molestiae soluta hic blanditiis consectetur nostrum.', 3, 20, 17),
	('Vel aspernatur voluptatem sit voluptas sit ab. Excepturi reiciendis illum ex ipsum. Eaque enim veniam voluptatem amet. Quibusdam voluptates accusantium quam beatae excepturi sunt harum.', 2, 21, 14),
	('Suscipit illum nemo sunt officia vero. Quibusdam quibusdam impedit aliquam. Sint sapiente corporis repudiandae similique error exercitationem. Corrupti excepturi iste sint.', 3, 22, 14),
	('Dicta nisi molestiae. Expedita fuga aperiam voluptas nisi possimus. Iure itaque doloremque. Numquam in consequatur. Aliquam eaque nulla.', 3, 23, 27),
	('Enim sunt ab reiciendis dolore modi doloremque non. Rerum laudantium quibusdam. Velit minima impedit officia at molestiae praesentium voluptatibus. Cupiditate ullam aliquam laudantium eius modi sint. Vitae fuga veritatis aliquam odio sit nemo.', 2, 24, 24),
	('Inventore magni aliquam perferendis veniam ducimus est. Ducimus vero fugit praesentium reiciendis sed est quos. Perferendis at quia ipsa illum.', 2, 26, 8);

-- Dumping data for table works.skill: ~31 rows (approximately)
REPLACE INTO `skill` (`skill_id`, `skill_description`, `skill_name`, `type`) VALUES
	(1, 'Optio provident nam voluptatem similique.', 'Networking skills', 0),
	(2, 'Laboriosam aliquid rerum earum voluptas fuga doloribus.', 'Networking skills', 1),
	(3, 'Praesentium dolorum eveniet inventore odio.', 'Organisation', 1),
	(4, 'Eveniet veniam provident maxime iste nemo.', 'Proactive', 1),
	(5, 'Laudantium sed veniam.', 'Fast learner', 2),
	(6, 'Inventore enim commodi facilis.', 'Self-motivated', 2),
	(7, 'Nisi quas rerum placeat inventore voluptates quia.', 'Teamwork', 2),
	(8, 'Deleniti dolorum fugit nesciunt repellat quam earum praesentium.', 'Proactive', 0),
	(9, 'Veniam blanditiis nesciunt harum natus eos fugiat dicta.', 'Fast learner', 2),
	(10, 'Asperiores eveniet expedita deleniti blanditiis expedita iste pariatur.', 'Problem solving', 1),
	(11, 'Atque non soluta voluptatem fugit laboriosam.', 'Leadership', 0),
	(12, 'Sunt reiciendis fugit.', 'Networking skills', 1),
	(13, 'Asperiores perferendis amet accusamus consequuntur.', 'Teamwork', 1),
	(14, 'Voluptate ducimus sit sint.', 'Teamwork', 0),
	(15, 'Cupiditate ea voluptatem voluptatibus aspernatur nulla.', 'Proactive', 0),
	(16, 'Voluptas reiciendis animi est nostrum commodi possimus eaque.', 'Leadership', 1),
	(17, 'Eligendi nesciunt illum accusantium ex quod totam.', 'Proactive', 0),
	(18, 'Deserunt perferendis veritatis nemo doloremque qui qui totam.', 'Fast learner', 2),
	(19, 'Asperiores quidem asperiores architecto sapiente quam esse.', 'Organisation', 1),
	(20, 'Aperiam debitis consequuntur nobis.', 'Proactive', 1),
	(21, 'Commodi amet sapiente cumque veniam.', 'Technical savvy', 1),
	(22, 'Ad maiores optio ullam officiis minus pariatur.', 'Proactive', 0),
	(23, 'Magnam in debitis.', 'Technical savvy', 1),
	(24, 'Architecto quisquam libero magnam temporibus odit illo blanditiis.', 'Networking skills', 1),
	(25, 'Possimus quae minus.', 'Networking skills', 0),
	(26, 'Totam dolor maxime debitis mollitia.', 'Confidence', 0),
	(27, 'Voluptates odio fugit officia provident explicabo voluptate.', 'Networking skills', 0),
	(28, 'Molestiae eligendi ab.', 'Confidence', 0),
	(29, 'Architecto dicta occaecati quisquam minima veritatis quisquam.', 'Leadership', 0),
	(30, 'Ut optio voluptatum debitis.', 'Networking skills', 2),
	(31, 'abc', 'name Skill', 0);

/*!40103 SET TIME_ZONE=IFNULL(@OLD_TIME_ZONE, 'system') */;
/*!40101 SET SQL_MODE=IFNULL(@OLD_SQL_MODE, '') */;
/*!40014 SET FOREIGN_KEY_CHECKS=IFNULL(@OLD_FOREIGN_KEY_CHECKS, 1) */;
/*!40101 SET CHARACTER_SET_CLIENT=@OLD_CHARACTER_SET_CLIENT */;
/*!40111 SET SQL_NOTES=IFNULL(@OLD_SQL_NOTES, 1) */;
